Kabupaten_Kota,RLS,Tahun,AMH,Status,RLS_lower,RLS_upper,AMH_lower,AMH_upper
Kab. Agam,7.56,2010,98.03,Actual,7.56,7.56,98.03,98.03
Kab. Agam,7.68,2011,97.91,Actual,7.68,7.68,97.91,97.91
Kab. Agam,7.91,2012,98.04,Actual,7.91,7.91,98.04,98.04
Kab. Agam,8.09,2013,99.11,Actual,8.09,8.09,99.11,99.11
Kab. Agam,8.1,2014,99.48,Actual,8.1,8.1,99.48,99.48
Kab. Agam,8.17,2015,99.96,Actual,8.17,8.17,99.96,99.96
Kab. Agam,8.18,2016,99.76,Actual,8.18,8.18,99.76,99.76
Kab. Agam,8.39,2017,99.5,Actual,8.39,8.39,99.5,99.5
Kab. Agam,8.69,2018,99.63,Actual,8.69,8.69,99.63,99.63
Kab. Agam,8.85,2019,99.72,Actual,8.85,8.85,99.72,99.72
Kab. Agam,8.96,2020,99.6,Actual,8.96,8.96,99.6,99.6
Kab. Agam,8.97,2021,99.53,Actual,8.97,8.97,99.53,99.53
Kab. Agam,8.98,2022,99.98,Actual,8.98,8.98,99.98,99.98
Kab. Agam,9.22,2023,99.66,Actual,9.22,9.22,99.66,99.66
Kab. Agam,9.23,2024,99.97,Actual,9.23,9.23,99.97,99.97
Kab. Agam,9.57,2025,99.57,Actual,9.57,9.57,99.57,99.57
Kab. Agam,9.909071055919977,2026,99.17109299159435,Forecast,9.81811991792661,10.020850952539472,98.8447924317813,99.49130992504463
Kab. Agam,10.248142099269257,2027,98.77218587226844,Forecast,9.944312132935785,10.60870472064753,97.77726806708776,99.79095183645174
Kab. Agam,10.587213142618538,2028,98.37327875294253,Forecast,9.995586114131106,11.290792920728839,96.44209687698563,100.4336273561881
Kab. Agam,10.927213147730418,2029,97.97327873739928,Forecast,10.01924221779705,11.982835693903269,94.71916632151398,101.14586853452246
Kab. Agam,11.2662841910797,2030,97.57437161807337,Forecast,9.926242495336082,12.725662117655185,92.9188887687887,101.95509808917821
Kab. Agam,11.605355234428979,2031,97.17546449874746,Forecast,9.797028751784595,13.553196239115659,90.91795443995841,102.9695971125051
Kab. Agam,11.944426277778263,2032,96.77655737942155,Forecast,9.666618970678007,14.317269947384974,88.77179450546342,104.19435695308366
Kab. Agam,12.284426282890141,2033,96.37655736387829,Forecast,9.534740833100058,15.150573792491091,86.49643798791122,105.5424446614226
Kab. Agam,12.623497326239423,2034,95.97765024455238,Forecast,9.388092986201794,16.01524060372705,84.15255098482407,107.08300725737664
Kab. Agam,12.962568369588704,2035,95.57874312522647,Forecast,9.135609534362754,16.887587121405726,81.9757832925055,108.72791103619466
Kab. Dharmasraya,7.43,2010,97.88,Actual,7.43,7.43,97.88,97.88
Kab. Dharmasraya,7.83,2011,97.96,Actual,7.83,7.83,97.96,97.96
Kab. Dharmasraya,7.88,2012,96.78,Actual,7.88,7.88,96.78,96.78
Kab. Dharmasraya,7.94,2013,97.15,Actual,7.94,7.94,97.15,97.15
Kab. Dharmasraya,7.99,2014,98.08,Actual,7.99,7.99,98.08,98.08
Kab. Dharmasraya,8.03,2015,99.69,Actual,8.03,8.03,99.69,99.69
Kab. Dharmasraya,8.23,2016,99.85,Actual,8.23,8.23,99.85,99.85
Kab. Dharmasraya,8.24,2017,99.29,Actual,8.24,8.24,99.29,99.29
Kab. Dharmasraya,8.25,2018,99.93,Actual,8.25,8.25,99.93,99.93
Kab. Dharmasraya,8.46,2019,99.49,Actual,8.46,8.46,99.49,99.49
Kab. Dharmasraya,8.47,2020,99.54,Actual,8.47,8.47,99.54,99.54
Kab. Dharmasraya,8.55,2021,99.79,Actual,8.55,8.55,99.79,99.79
Kab. Dharmasraya,8.56,2022,99.19,Actual,8.56,8.56,99.19,99.19
Kab. Dharmasraya,8.71,2023,99.59,Actual,8.71,8.71,99.59,99.59
Kab. Dharmasraya,8.98,2024,99.85,Actual,8.98,8.98,99.85,99.85
Kab. Dharmasraya,9.31,2025,99.28,Actual,9.31,9.31,99.28,99.28
Kab. Dharmasraya,9.63909847341959,2026,98.7115571672301,Forecast,9.55565337041024,9.736474260840764,98.06187713412368,99.38078457586782
Kab. Dharmasraya,9.968196841586803,2027,98.14311454059724,Forecast,9.713337553725271,10.268400673941818,96.1450243198404,100.2954556057864
Kab. Dharmasraya,10.29729520975401,2028,97.57467191396437,Forecast,9.790985568015254,10.832032409347686,93.68159627051045,101.61164644126768
Kab. Dharmasraya,10.627295217286063,2029,97.00467191027224,Forecast,9.813284885596143,11.481787676635449,90.89479071946812,103.22864816455532
Kab. Dharmasraya,10.95639358545327,2030,96.43622928363938,Forecast,9.846472895141876,12.149482413703334,87.35965731236966,105.01153697270078
Kab. Dharmasraya,11.28549195362048,2031,95.86778665700652,Forecast,9.83389111483939,12.846336430246842,83.48781132227629,107.44617156640098
Kab. Dharmasraya,11.61459032178769,2032,95.29934403037365,Forecast,9.765781809100355,13.531658118228153,79.85820449237092,109.47394936520683
Kab. Dharmasraya,11.944590329319743,2033,94.72934402668153,Forecast,9.619767961129874,14.34344462799122,76.16905140807019,112.49305917715088
Kab. Dharmasraya,12.27368869748695,2034,94.16090140004866,Forecast,9.505100294669608,15.187718979516783,72.58961342694478,115.44615401858549
Kab. Dharmasraya,12.60278706565416,2035,93.5924587734158,Forecast,9.316047946193459,16.092361343310987,68.18718004643746,119.04063541605883
Kab. Kepulauan Mentawai,6.14,2010,95.44,Actual,6.14,6.14,95.44,95.44
Kab. Kepulauan Mentawai,6.15,2011,91.73,Actual,6.15,6.15,91.73,91.73
Kab. Kepulauan Mentawai,6.16,2012,91.22,Actual,6.16,6.16,91.22,91.22
Kab. Kepulauan Mentawai,6.17,2013,94.57,Actual,6.17,6.17,94.57,94.57
Kab. Kepulauan Mentawai,6.19,2014,95.72,Actual,6.19,6.19,95.72,95.72
Kab. Kepulauan Mentawai,6.27,2015,99.22,Actual,6.27,6.27,99.22,99.22
Kab. Kepulauan Mentawai,6.52,2016,99.38,Actual,6.52,6.52,99.38,99.38
Kab. Kepulauan Mentawai,6.69,2017,99.59,Actual,6.69,6.69,99.59,99.59
Kab. Kepulauan Mentawai,6.95,2018,99.3,Actual,6.95,6.95,99.3,99.3
Kab. Kepulauan Mentawai,7.08,2019,99.51,Actual,7.08,7.08,99.51,99.51
Kab. Kepulauan Mentawai,7.09,2020,98.1,Actual,7.09,7.09,98.1,98.1
Kab. Kepulauan Mentawai,7.2,2021,98.76,Actual,7.2,7.2,98.76,98.76
Kab. Kepulauan Mentawai,7.48,2022,98.46,Actual,7.48,7.48,98.46,98.46
Kab. Kepulauan Mentawai,7.76,2023,99.66,Actual,7.76,7.76,99.66,99.66
Kab. Kepulauan Mentawai,8.03,2024,99.33,Actual,8.03,8.03,99.33,99.33
Kab. Kepulauan Mentawai,8.21,2025,99.14,Actual,8.21,8.21,99.14,99.14
Kab. Kepulauan Mentawai,8.38950815011755,2026,98.95051855943339,Forecast,8.334687689618939,8.44883824087678,97.5378908788704,100.25239260429821
Kab. Kepulauan Mentawai,8.56901634566193,2027,98.7610375977683,Forecast,8.393671476929628,8.753463571561847,94.31166782999901,103.10372076111004
Kab. Kepulauan Mentawai,8.74852454120631,2028,98.5715566361032,Forecast,8.420818388485237,9.126949057461667,89.68531152132924,107.13787273208719
Kab. Kepulauan Mentawai,8.928524540026153,2029,98.38155654851572,Forecast,8.410940337801064,9.534004205096826,84.78077741687402,111.50298000108626
Kab. Kepulauan Mentawai,9.108032735570532,2030,98.19207558685062,Forecast,8.38242789169494,9.973006057520237,79.90253531682366,117.06620289177404
Kab. Kepulauan Mentawai,9.287540931114911,2031,98.00259462518552,Forecast,8.299703940387866,10.424479234112564,74.24268810360788,122.48102229052581
Kab. Kepulauan Mentawai,9.46704912665929,2032,97.81311366352043,Forecast,8.223498172231396,10.910611734383123,67.62091671772855,128.99486508208025
Kab. Kepulauan Mentawai,9.647049125479136,2033,97.62311357593295,Forecast,8.111987256589039,11.357417455383414,59.69219489870325,136.1828204557202
Kab. Kepulauan Mentawai,9.826557321023515,2034,97.43363261426785,Forecast,7.984286184578041,11.842464338783381,52.41838449441053,142.90955197818784
Kab. Kepulauan Mentawai,10.006065516567892,2035,97.24415165260275,Forecast,7.853252136492928,12.359433266482451,45.33193065188585,151.56881017454717
Kab. Lima Puluh Kota,7.37,2010,97.82,Actual,7.37,7.37,97.82,97.82
Kab. Lima Puluh Kota,7.4,2011,97.84,Actual,7.4,7.4,97.84,97.84
Kab. Lima Puluh Kota,7.52,2012,98.56,Actual,7.52,7.52,98.56,98.56
Kab. Lima Puluh Kota,7.58,2013,99.51,Actual,7.58,7.58,99.51,99.51
Kab. Lima Puluh Kota,7.59,2014,99.75,Actual,7.59,7.59,99.75,99.75
Kab. Lima Puluh Kota,7.91,2015,99.92,Actual,7.91,7.91,99.92,99.92
Kab. Lima Puluh Kota,7.92,2016,99.85,Actual,7.92,7.92,99.85,99.85
Kab. Lima Puluh Kota,7.96,2017,98.96,Actual,7.96,7.96,98.96,98.96
Kab. Lima Puluh Kota,7.97,2018,99.74,Actual,7.97,7.97,99.74,99.74
Kab. Lima Puluh Kota,7.98,2019,99.51,Actual,7.98,7.98,99.51,99.51
Kab. Lima Puluh Kota,7.99,2020,99.77,Actual,7.99,7.99,99.77,99.77
Kab. Lima Puluh Kota,8.07,2021,99.53,Actual,8.07,8.07,99.53,99.53
Kab. Lima Puluh Kota,8.08,2022,99.79,Actual,8.08,8.08,99.79,99.79
Kab. Lima Puluh Kota,8.12,2023,99.76,Actual,8.12,8.12,99.76,99.76
Kab. Lima Puluh Kota,8.13,2024,99.8,Actual,8.13,8.13,99.8,99.8
Kab. Lima Puluh Kota,8.49,2025,99.51,Actual,8.49,8.49,99.51,99.51
Kab. Lima Puluh Kota,8.849016368590448,2026,99.22079269761329,Forecast,8.777737860920348,8.931122237508585,98.83511148741837,99.6795726331078
Kab. Lima Puluh Kota,9.208032763771214,2027,98.93158505472704,Forecast,8.979022718407835,9.453945064434068,97.6548307459554,100.30914614099675
Kab. Lima Puluh Kota,9.567049158951976,2028,98.64237741184078,Forecast,9.104522778509962,10.052129155447211,96.22219639050289,101.17824086934874
Kab. Lima Puluh Kota,9.92704916069488,2029,98.35237741924799,Forecast,9.176036789962895,10.71716904677941,94.44325453889057,102.21402387059686
Kab. Lima Puluh Kota,10.286065555875645,2030,98.06316977636173,Forecast,9.20617251454715,11.40392802771095,92.48222388620405,103.74162120249198
Kab. Lima Puluh Kota,10.645081951056408,2031,97.77396213347548,Forecast,9.230250724367911,12.151057646338684,90.28026326981379,105.34264179351486
Kab. Lima Puluh Kota,11.004098346237175,2032,97.48475449058922,Forecast,9.222218930850202,12.898384688412236,87.7106634643351,106.9904510144622
Kab. Lima Puluh Kota,11.364098347980079,2033,97.19475449799643,Forecast,9.222807668444311,13.698841312926847,84.92284652682449,108.50892291466035
Kab. Lima Puluh Kota,11.723114743160842,2034,96.90554685511016,Forecast,9.19678767131578,14.557939794175287,82.08461195660438,110.30184198901037
Kab. Lima Puluh Kota,12.082131138341607,2035,96.6163392122239,Forecast,9.088101205948862,15.333368087270529,79.10495644911157,112.43595242596315
Kab. Padang Pariaman,6.62,2010,95.78,Actual,6.62,6.62,95.78,95.78
Kab. Padang Pariaman,6.68,2011,96.03,Actual,6.68,6.68,96.03,96.03
Kab. Padang Pariaman,6.77,2012,96.22,Actual,6.77,6.77,96.22,96.22
Kab. Padang Pariaman,6.86,2013,97.39,Actual,6.86,6.86,97.39,97.39
Kab. Padang Pariaman,6.88,2014,98.46,Actual,6.88,6.88,98.46,98.46
Kab. Padang Pariaman,6.89,2015,99.09,Actual,6.89,6.89,99.09,99.09
Kab. Padang Pariaman,7.0,2016,99.65,Actual,7.0,7.0,99.65,99.65
Kab. Padang Pariaman,7.21,2017,98.21,Actual,7.21,7.21,98.21,98.21
Kab. Padang Pariaman,7.5,2018,99.2,Actual,7.5,7.5,99.2,99.2
Kab. Padang Pariaman,7.86,2019,99.5,Actual,7.86,7.86,99.5,99.5
Kab. Padang Pariaman,7.87,2020,99.48,Actual,7.87,7.87,99.48,99.48
Kab. Padang Pariaman,7.88,2021,99.83,Actual,7.88,7.88,99.83,99.83
Kab. Padang Pariaman,8.16,2022,99.98,Actual,8.16,8.16,99.98,99.98
Kab. Padang Pariaman,8.41,2023,99.4,Actual,8.41,8.41,99.4,99.4
Kab. Padang Pariaman,8.42,2024,99.78,Actual,8.42,8.42,99.78,99.78
Kab. Padang Pariaman,8.78,2025,99.55,Actual,8.78,8.78,99.55,99.55
Kab. Padang Pariaman,9.139016284357481,2026,99.32062866514792,Forecast,9.04209191614953,9.229783164021,98.75039734057623,99.86217891491218
Kab. Padang Pariaman,9.49803267290669,2027,99.09125707957804,Forecast,9.18094775117284,9.813253970827567,97.28526423760002,100.83226562892945
Kab. Padang Pariaman,9.857049061455898,2028,98.86188549400815,Forecast,9.25245518379629,10.4562751378774,95.2327871576417,102.2032728286442
Kab. Padang Pariaman,10.217049056549076,2029,98.63188549313533,Forecast,9.286297096625038,11.178070663694607,92.75194155652719,103.90068468496919
Kab. Padang Pariaman,10.576065445098285,2030,98.40251390756545,Forecast,9.221158000959392,11.974594218453209,90.24716374031237,105.89612521068469
Kab. Padang Pariaman,10.93508183364749,2031,98.17314232199556,Forecast,9.158321481698577,12.730915095459373,87.27729538645023,108.12922177865131
Kab. Padang Pariaman,11.2940982221967,2032,97.94377073642568,Forecast,9.039869568167573,13.440640838319732,83.73922409450968,110.83724153899105
Kab. Padang Pariaman,11.65409821728988,2033,97.71377073555286,Forecast,8.981300161849445,14.278910405012342,79.96849192504689,113.16217939424867
Kab. Padang Pariaman,12.013114605839085,2034,97.48439914998298,Forecast,8.854240262575395,15.239440766861833,76.45478812654912,116.24810838825717
Kab. Padang Pariaman,12.372130994388293,2035,97.25502756441308,Forecast,8.64730035850659,16.17189459123996,73.07102236812663,119.43409071689733
Kab. Pasaman,7.26,2010,99.04,Actual,7.26,7.26,99.04,99.04
Kab. Pasaman,7.37,2011,98.21,Actual,7.37,7.37,98.21,98.21
Kab. Pasaman,7.48,2012,97.95,Actual,7.48,7.48,97.95,97.95
Kab. Pasaman,7.6,2013,99.07,Actual,7.6,7.6,99.07,99.07
Kab. Pasaman,7.62,2014,99.42,Actual,7.62,7.62,99.42,99.42
Kab. Pasaman,7.63,2015,99.11,Actual,7.63,7.63,99.11,99.11
Kab. Pasaman,7.64,2016,99.8,Actual,7.64,7.64,99.8,99.8
Kab. Pasaman,7.65,2017,99.22,Actual,7.65,7.65,99.22,99.22
Kab. Pasaman,7.66,2018,99.85,Actual,7.66,7.66,99.85,99.85
Kab. Pasaman,7.86,2019,99.98,Actual,7.86,7.86,99.98,99.98
Kab. Pasaman,8.09,2020,99.83,Actual,8.09,8.09,99.83,99.83
Kab. Pasaman,8.1,2021,99.76,Actual,8.1,8.1,99.76,99.76
Kab. Pasaman,8.11,2022,99.84,Actual,8.11,8.11,99.84,99.84
Kab. Pasaman,8.13,2023,100.0,Actual,8.13,8.13,100.0,100.0
Kab. Pasaman,8.14,2024,100.0,Actual,8.14,8.14,100.0,100.0
Kab. Pasaman,8.41,2025,99.57,Actual,8.41,8.41,99.57,99.57
Kab. Pasaman,8.679262309716968,2026,99.14117458510677,Forecast,8.631045577097376,8.728410095120763,98.65812958790943,99.61095605769628
Kab. Pasaman,8.948524605371126,2027,98.71234942202956,Forecast,8.796952909628008,9.103220848600927,97.13460336356839,100.22022202300299
Kab. Pasaman,9.217786901025287,2028,98.28352425895235,Forecast,8.940617171318406,9.508659390399762,95.35520648211185,101.19526940564785
Kab. Pasaman,9.487786901599046,2029,97.85352423241466,Forecast,9.043158733172802,9.935484115350592,93.24899945639146,102.5367776137262
Kab. Pasaman,9.757049197253203,2030,97.42469906933746,Forecast,9.121615954505964,10.412268083953949,90.8210522567775,104.18174484252941
Kab. Pasaman,10.026311492907363,2031,96.99587390626026,Forecast,9.138518905971546,10.880394377074051,88.1437943055466,106.09103867918093
Kab. Pasaman,10.295573788561521,2032,96.56704874318305,Forecast,9.187394358018253,11.380748100593213,85.31737500678712,108.10115575143382
Kab. Pasaman,10.56557378913528,2033,96.13704871664535,Forecast,9.218295545041673,11.90155069244084,82.5649382619233,110.48267211165542
Kab. Pasaman,10.83483608478944,2034,95.70822355356816,Forecast,9.210120284983892,12.442803015880894,79.2472001934399,112.6285439421055
Kab. Pasaman,11.104098380443599,2035,95.27939839049095,Forecast,9.223039776993058,12.983110512071962,75.69013942198353,114.80064114889281
Kab. Pasaman Barat,7.08,2010,98.8,Actual,7.08,7.08,98.8,98.8
Kab. Pasaman Barat,7.24,2011,95.0,Actual,7.24,7.24,95.0,95.0
Kab. Pasaman Barat,7.39,2012,97.5,Actual,7.39,7.39,97.5,97.5
Kab. Pasaman Barat,7.5,2013,97.56,Actual,7.5,7.5,97.56,97.56
Kab. Pasaman Barat,7.53,2014,97.49,Actual,7.53,7.53,97.49,97.49
Kab. Pasaman Barat,7.83,2015,99.32,Actual,7.83,7.83,99.32,99.32
Kab. Pasaman Barat,7.84,2016,99.8,Actual,7.84,7.84,99.8,99.8
Kab. Pasaman Barat,7.85,2017,98.86,Actual,7.85,7.85,98.86,98.86
Kab. Pasaman Barat,7.86,2018,99.26,Actual,7.86,7.86,99.26,99.26
Kab. Pasaman Barat,8.06,2019,99.59,Actual,8.06,8.06,99.59,99.59
Kab. Pasaman Barat,8.19,2020,99.35,Actual,8.19,8.19,99.35,99.35
Kab. Pasaman Barat,8.27,2021,99.93,Actual,8.27,8.27,99.93,99.93
Kab. Pasaman Barat,8.55,2022,99.36,Actual,8.55,8.55,99.36,99.36
Kab. Pasaman Barat,8.81,2023,99.79,Actual,8.81,8.81,99.79,99.79
Kab. Pasaman Barat,8.99,2024,99.75,Actual,8.99,8.99,99.75,99.75
Kab. Pasaman Barat,9.28,2025,99.63,Actual,9.28,9.28,99.63,99.63
Kab. Pasaman Barat,9.569207540181733,2026,99.51032678212859,Forecast,9.494310083737584,9.644094197008794,98.4296239721884,100.48522525237868
Kab. Pasaman Barat,9.858415180347311,2027,99.39065457767813,Forecast,9.620390404423787,10.09565280613759,95.81631676998975,102.62670933127049
Kab. Pasaman Barat,10.147622820512888,2028,99.27098237322767,Forecast,9.684820890765687,10.639773986247157,92.40723368646083,105.50148448072021
Kab. Pasaman Barat,10.43762281037755,2029,99.15098229972392,Forecast,9.699212489175828,11.254662840661057,87.74861891013096,109.29454813607083
Kab. Pasaman Barat,10.726830450543128,2030,99.03131009527347,Forecast,9.667970771011351,11.91936032271858,83.22750958720285,113.38361209657911
Kab. Pasaman Barat,11.016038090708706,2031,98.91163789082302,Forecast,9.65710936110309,12.613298427650399,78.19996948665394,117.59053787680257
Kab. Pasaman Barat,11.305245730874285,2032,98.79196568637256,Forecast,9.52497062621276,13.318712674426846,72.34859197579264,123.28509741007203
Kab. Pasaman Barat,11.595245720738944,2033,98.67196561286882,Forecast,9.340165967931412,14.08988271694933,66.86134354500116,129.5177334214846
Kab. Pasaman Barat,11.884453360904521,2034,98.55229340841835,Forecast,9.147959955611956,14.748476638729109,60.48530881229892,135.41488200074167
Kab. Pasaman Barat,12.1736610010701,2035,98.4326212039679,Forecast,8.999969555695857,15.49458609479012,53.9145043399597,141.58187945195044
Kab. Pesisir Selatan,7.34,2010,97.67,Actual,7.34,7.34,97.67,97.67
Kab. Pesisir Selatan,7.57,2011,96.99,Actual,7.57,7.57,96.99,96.99
Kab. Pesisir Selatan,7.79,2012,97.82,Actual,7.79,7.79,97.82,97.82
Kab. Pesisir Selatan,8.05,2013,98.6,Actual,8.05,8.05,98.6,98.6
Kab. Pesisir Selatan,8.1,2014,98.95,Actual,8.1,8.1,98.95,98.95
Kab. Pesisir Selatan,8.11,2015,100.0,Actual,8.11,8.11,100.0,100.0
Kab. Pesisir Selatan,8.12,2016,99.92,Actual,8.12,8.12,99.92,99.92
Kab. Pesisir Selatan,8.13,2017,99.22,Actual,8.13,8.13,99.22,99.22
Kab. Pesisir Selatan,8.14,2018,99.61,Actual,8.14,8.14,99.61,99.61
Kab. Pesisir Selatan,8.25,2019,99.39,Actual,8.25,8.25,99.39,99.39
Kab. Pesisir Selatan,8.26,2020,99.16,Actual,8.26,8.26,99.16,99.16
Kab. Pesisir Selatan,8.27,2021,99.24,Actual,8.27,8.27,99.24,99.24
Kab. Pesisir Selatan,8.43,2022,99.46,Actual,8.43,8.43,99.46,99.46
Kab. Pesisir Selatan,8.58,2023,99.65,Actual,8.58,8.58,99.65,99.65
Kab. Pesisir Selatan,8.81,2024,99.7,Actual,8.81,8.81,99.7,99.7
Kab. Pesisir Selatan,9.06,2025,99.14,Actual,9.06,9.06,99.14,99.14
Kab. Pesisir Selatan,9.309317043730237,2026,98.58152985065888,Forecast,9.267474233893468,9.353042089334155,98.16022505526126,98.98523425116154
Kab. Pesisir Selatan,9.558633989561347,2027,98.02305989390582,Forecast,9.42300210804149,9.691514683623542,96.66967446470314,99.38556573628756
Kab. Pesisir Selatan,9.807950935392457,2028,97.46458993715275,Forecast,9.553576762866076,10.056480521491531,94.96599568074741,100.12250728929533
Kab. Pesisir Selatan,10.05795094134913,2029,96.90458992572367,Forecast,9.671716132206319,10.434983884424188,92.89869961578368,101.19658147051493
Kab. Pesisir Selatan,10.30726788718024,2030,96.34611996897061,Forecast,9.763663466736933,10.841590353768442,90.71515912999354,102.74284234864643
Kab. Pesisir Selatan,10.556584833011351,2031,95.78765001221755,Forecast,9.838795192573125,11.281055059957602,88.64512476161539,103.94129213974121
Kab. Pesisir Selatan,10.805901778842461,2032,95.2291800554645,Forecast,9.870058864120749,11.710352523637718,85.9260101590949,105.28295592559651
Kab. Pesisir Selatan,11.055901784799135,2033,94.6691800440354,Forecast,9.906307252334887,12.175380394785142,83.0626788540653,107.10242182357622
Kab. Pesisir Selatan,11.305218730630244,2034,94.11071008728234,Forecast,9.929633114777516,12.697875193120373,80.26963753407269,108.83107749088687
Kab. Pesisir Selatan,11.554535676461352,2035,93.5522401305293,Forecast,9.87596137204752,13.180299607888555,77.0496211251591,110.67575937298538
Kab. Sijunjung,7.09,2010,96.39,Actual,7.09,7.09,96.39,96.39
Kab. Sijunjung,7.1,2011,94.16,Actual,7.1,7.1,94.16,94.16
Kab. Sijunjung,7.2,2012,95.03,Actual,7.2,7.2,95.03,95.03
Kab. Sijunjung,7.3,2013,95.12,Actual,7.3,7.3,95.12,95.12
Kab. Sijunjung,7.32,2014,95.32,Actual,7.32,7.32,95.32,95.32
Kab. Sijunjung,7.33,2015,99.54,Actual,7.33,7.33,99.54,99.54
Kab. Sijunjung,7.5,2016,99.67,Actual,7.5,7.5,99.67,99.67
Kab. Sijunjung,7.72,2017,99.05,Actual,7.72,7.72,99.05,99.05
Kab. Sijunjung,7.77,2018,99.45,Actual,7.77,7.77,99.45,99.45
Kab. Sijunjung,8.1,2019,99.06,Actual,8.1,8.1,99.06,99.06
Kab. Sijunjung,8.11,2020,99.51,Actual,8.11,8.11,99.51,99.51
Kab. Sijunjung,8.12,2021,99.22,Actual,8.12,8.12,99.22,99.22
Kab. Sijunjung,8.3,2022,99.49,Actual,8.3,8.3,99.49,99.49
Kab. Sijunjung,8.57,2023,98.88,Actual,8.57,8.57,98.88,98.88
Kab. Sijunjung,8.62,2024,99.83,Actual,8.62,8.62,99.83,99.83
Kab. Sijunjung,8.66,2025,99.07,Actual,8.66,8.66,99.07,99.07
Kab. Sijunjung,8.699890687609185,2026,98.31207605971252,Forecast,8.611438801245933,8.789631756955078,97.15191158022049,99.51346439805347
Kab. Sijunjung,8.739781390808666,2027,97.55415256080366,Forecast,8.446291207548667,9.032660223811966,93.70256624061784,101.41772684295738
Kab. Sijunjung,8.779672094008147,2028,96.79622906189478,Forecast,8.203724518676088,9.332522877780628,89.33023255866703,104.44729500859401
Kab. Sijunjung,8.819672086805435,2029,96.03622906024917,Forecast,7.935853464770107,9.705081941982563,84.41335868407991,108.08506542397708
Kab. Sijunjung,8.859562790004915,2030,95.2783055613403,Forecast,7.603312713769194,10.102439407157819,78.90935822230037,111.6872532671587
Kab. Sijunjung,8.899453493204396,2031,94.52038206243144,Forecast,7.159005579526966,10.55063345511576,73.17188838422253,116.97377468638815
Kab. Sijunjung,8.939344196403876,2032,93.76245856352257,Forecast,6.706700203908576,11.091177849338672,67.35990633332074,121.42835979483155
Kab. Sijunjung,8.979344189201164,2033,93.00245856187695,Forecast,6.215285835352465,11.579874930321818,60.8517102127607,126.92350739553378
Kab. Sijunjung,9.019234892400645,2034,92.24453506296808,Forecast,5.668404926651631,12.185979145411201,54.16567073196267,132.49933511323604
Kab. Sijunjung,9.059125595600126,2035,91.48661156405922,Forecast,5.177148791343076,12.847550246930673,46.608734870550435,138.91865926245754
Kab. Solok,7.16,2010,96.99,Actual,7.16,7.16,96.99,96.99
Kab. Solok,7.3,2011,96.79,Actual,7.3,7.3,96.79,96.79
Kab. Solok,7.44,2012,97.12,Actual,7.44,7.44,97.12,97.12
Kab. Solok,7.53,2013,97.71,Actual,7.53,7.53,97.71,97.71
Kab. Solok,7.56,2014,97.72,Actual,7.56,7.56,97.72,97.72
Kab. Solok,7.57,2015,99.37,Actual,7.57,7.57,99.37,99.37
Kab. Solok,7.58,2016,99.71,Actual,7.58,7.58,99.71,99.71
Kab. Solok,7.6,2017,99.51,Actual,7.6,7.6,99.51,99.51
Kab. Solok,7.84,2018,99.72,Actual,7.84,7.84,99.72,99.72
Kab. Solok,7.85,2019,99.44,Actual,7.85,7.85,99.44,99.44
Kab. Solok,7.86,2020,99.3,Actual,7.86,7.86,99.3,99.3
Kab. Solok,7.87,2021,99.85,Actual,7.87,7.87,99.85,99.85
Kab. Solok,7.89,2022,100.0,Actual,7.89,7.89,100.0,100.0
Kab. Solok,7.9,2023,99.77,Actual,7.9,7.9,99.77,99.77
Kab. Solok,7.91,2024,99.97,Actual,7.91,7.91,99.97,99.97
Kab. Solok,8.25,2025,99.5,Actual,8.25,8.25,99.5,99.5
Kab. Solok,8.589070996725658,2026,99.03128436869866,Forecast,8.538861973247071,8.64001201911744,98.5804471198343,99.49548837764165
Kab. Solok,8.928142029530525,2027,98.56256853615623,Forecast,8.762886294622575,9.092167909603015,97.14881885622302,100.05697579308197
Kab. Solok,9.267213062335392,2028,98.0938527036138,Forecast,8.963171509581262,9.574682949819366,95.14931057242987,100.97340682503743
Kab. Solok,9.607213056873968,2029,97.6238527181055,Forecast,9.130025293632375,10.08838105867143,93.05186960609106,102.40508421637553
Kab. Solok,9.946284089678834,2030,97.15513688556307,Forecast,9.271336993874206,10.621892420062117,90.67988552603117,104.02868441926707
Kab. Solok,10.2853551224837,2031,96.68642105302064,Forecast,9.378544969154303,11.179485662723355,88.32517986973853,105.44670115735765
Kab. Solok,10.624426155288566,2032,96.2177052204782,Forecast,9.471356344989765,11.789950768882672,85.6142616618055,106.80275786107022
Kab. Solok,10.964426149827144,2033,95.7477052349699,Forecast,9.518686529119247,12.396319119368782,82.96943140245774,108.71012235740193
Kab. Solok,11.30349718263201,2034,95.27898940242746,Forecast,9.57141935393982,12.983620246681877,80.02773384727863,111.06203033497997
Kab. Solok,11.642568215436873,2035,94.81027356988503,Forecast,9.581129449403859,13.671483527763487,75.82146009111136,113.49610144436518
Kab. Solok Selatan,7.37,2010,97.91,Actual,7.37,7.37,97.91,97.91
Kab. Solok Selatan,7.4,2011,96.59,Actual,7.4,7.4,96.59,96.59
Kab. Solok Selatan,7.44,2012,97.32,Actual,7.44,7.44,97.32,97.32
Kab. Solok Selatan,7.8,2013,98.17,Actual,7.8,7.8,98.17,98.17
Kab. Solok Selatan,7.97,2014,98.75,Actual,7.97,7.97,98.75,98.75
Kab. Solok Selatan,7.98,2015,99.61,Actual,7.98,7.98,99.61,99.61
Kab. Solok Selatan,7.99,2016,99.86,Actual,7.99,7.99,99.86,99.86
Kab. Solok Selatan,8.0,2017,99.59,Actual,8.0,8.0,99.59,99.59
Kab. Solok Selatan,8.15,2018,99.38,Actual,8.15,8.15,99.38,99.38
Kab. Solok Selatan,8.16,2019,99.28,Actual,8.16,8.16,99.28,99.28
Kab. Solok Selatan,8.28,2020,99.69,Actual,8.28,8.28,99.69,99.69
Kab. Solok Selatan,8.32,2021,99.5,Actual,8.32,8.32,99.5,99.5
Kab. Solok Selatan,8.41,2022,99.73,Actual,8.41,8.41,99.73,99.73
Kab. Solok Selatan,8.69,2023,99.88,Actual,8.69,8.69,99.88,99.88
Kab. Solok Selatan,8.85,2024,99.62,Actual,8.85,8.85,99.62,99.62
Kab. Solok Selatan,9.2,2025,99.37,Actual,9.2,9.2,99.37,99.37
Kab. Solok Selatan,9.549043734666682,2026,99.12068234362452,Forecast,9.45374776331607,9.642134479633066,98.799572749285,99.44039482703309
Kab. Solok Selatan,9.898087448288518,2027,98.87136536501264,Forecast,9.607521452414042,10.181413242864437,97.76632798586874,99.91020167852272
Kab. Solok Selatan,10.247131161910355,2028,98.62204838640073,Forecast,9.686115196718747,10.81084910103669,96.59627177767713,100.77444969070794
Kab. Solok Selatan,10.5971311596791,2029,98.37204834757345,Forecast,9.727877931192124,11.503922957565747,94.97915340252638,101.6682419171531
Kab. Solok Selatan,10.946174873300937,2030,98.12273136896155,Forecast,9.686987480797306,12.242595338626826,93.50950966476249,103.16789560629039
Kab. Solok Selatan,11.295218586922772,2031,97.87341439034967,Forecast,9.63069658913412,12.954037964649787,91.72451432921622,104.3947626267014
Kab. Solok Selatan,11.644262300544609,2032,97.62409741173775,Forecast,9.556299979595591,13.801559543958373,89.65783409249178,106.1603749698409
Kab. Solok Selatan,11.994262298313354,2033,97.37409737291048,Forecast,9.460509111058965,14.65423064916084,87.50065243528731,107.8113648318331
Kab. Solok Selatan,12.34330601193519,2034,97.12478039429858,Forecast,9.399263541799774,15.55101514637932,85.13467628781997,109.4130909421737
Kab. Solok Selatan,12.692349725557026,2035,96.87546341568668,Forecast,9.290825339113438,16.496345008895243,83.21760550117939,111.16529334524242
Kab. Tanah Datar,7.48,2010,98.28,Actual,7.48,7.48,98.28,98.28
Kab. Tanah Datar,7.58,2011,97.79,Actual,7.58,7.58,97.79,97.79
Kab. Tanah Datar,7.63,2012,97.17,Actual,7.63,7.63,97.17,97.17
Kab. Tanah Datar,7.78,2013,98.24,Actual,7.78,7.78,98.24,98.24
Kab. Tanah Datar,7.8,2014,98.35,Actual,7.8,7.8,98.35,98.35
Kab. Tanah Datar,7.93,2015,99.78,Actual,7.93,7.93,99.78,99.78
Kab. Tanah Datar,8.12,2016,100.0,Actual,8.12,8.12,100.0,100.0
Kab. Tanah Datar,8.14,2017,99.59,Actual,8.14,8.14,99.59,99.59
Kab. Tanah Datar,8.44,2018,99.36,Actual,8.44,8.44,99.36,99.36
Kab. Tanah Datar,8.45,2019,99.82,Actual,8.45,8.45,99.82,99.82
Kab. Tanah Datar,8.61,2020,99.72,Actual,8.61,8.61,99.72,99.72
Kab. Tanah Datar,8.62,2021,99.67,Actual,8.62,8.62,99.67,99.67
Kab. Tanah Datar,8.9,2022,100.0,Actual,8.9,8.9,100.0,100.0
Kab. Tanah Datar,9.02,2023,99.93,Actual,9.02,9.02,99.93,99.93
Kab. Tanah Datar,9.29,2024,99.84,Actual,9.29,9.29,99.84,99.84
Kab. Tanah Datar,9.46,2025,99.75,Actual,9.46,9.46,99.75,99.75
Kab. Tanah Datar,9.629535365984744,2026,99.66024632543191,Forecast,9.50557971208536,9.742970895929359,99.21434563867236,100.128343758676
Kab. Tanah Datar,9.799070879230554,2027,99.57049226979785,Forecast,9.401048649858604,10.15030192642243,98.14768703045371,101.08781412269299
Kab. Tanah Datar,9.968606392476365,2028,99.4807382141638,Forecast,9.211167003702403,10.686644202001855,96.58356783852909,102.41114881533053
Kab. Tanah Datar,10.138606386580385,2029,99.39073825700746,Forecast,8.967905606556005,11.32753262437834,94.75516338418385,104.03045459867987
Kab. Tanah Datar,10.308141899826197,2030,99.3009842013734,Forecast,8.684616103607784,11.987122838540353,92.9230110934984,105.72396934738596
Kab. Tanah Datar,10.477677413072009,2031,99.21123014573934,Forecast,8.30849114644785,12.729299189698319,90.90235598046671,107.64429132937211
Kab. Tanah Datar,10.64721292631782,2032,99.12147609010529,Forecast,7.910593198041035,13.45483470469073,88.56376390682486,109.85766231155374
Kab. Tanah Datar,10.81721292042184,2033,99.03147613294894,Forecast,7.584048162115934,14.327221689911552,85.71976540133575,112.46786902509668
Kab. Tanah Datar,10.98674843366765,2034,98.94172207731489,Forecast,7.095715907961515,15.117411517929291,83.36007113441411,114.69920717959455
Kab. Tanah Datar,11.15628394691346,2035,98.85196802168082,Forecast,6.516598521838257,15.815124830793414,80.34091924399262,117.62125837392153
Kota Bukittinggi,10.5,2010,99.92,Actual,10.5,10.5,99.92,99.92
Kota Bukittinggi,10.56,2011,99.5,Actual,10.56,10.56,99.5,99.5
Kota Bukittinggi,10.62,2012,99.24,Actual,10.62,10.62,99.24,99.24
Kota Bukittinggi,10.66,2013,99.63,Actual,10.66,10.66,99.63,99.63
Kota Bukittinggi,10.71,2014,99.89,Actual,10.71,10.71,99.89,99.89
Kota Bukittinggi,10.79,2015,99.66,Actual,10.79,10.79,99.66,99.66
Kota Bukittinggi,10.98,2016,100.0,Actual,10.98,10.98,100.0,100.0
Kota Bukittinggi,11.3,2017,99.89,Actual,11.3,11.3,99.89,99.89
Kota Bukittinggi,11.31,2018,99.93,Actual,11.31,11.31,99.93,99.93
Kota Bukittinggi,11.32,2019,99.7,Actual,11.32,11.32,99.7,99.7
Kota Bukittinggi,11.33,2020,99.96,Actual,11.33,11.33,99.96,99.96
Kota Bukittinggi,11.34,2021,99.68,Actual,11.34,11.34,99.68,99.68
Kota Bukittinggi,11.63,2022,99.37,Actual,11.63,11.63,99.37,99.37
Kota Bukittinggi,11.64,2023,99.78,Actual,11.64,11.64,99.78,99.78
Kota Bukittinggi,11.65,2024,99.7,Actual,11.65,11.65,99.7,99.7
Kota Bukittinggi,11.66,2025,99.79,Actual,11.66,11.66,99.79,99.79
Kota Bukittinggi,11.669972651780464,2026,99.87975397137069,Forecast,11.60877663881564,11.734479103611026,99.6120498201065,100.17085954932345
Kota Bukittinggi,11.679945324495364,2027,99.96950804028837,Forecast,11.472333220554464,11.884893046626633,99.13040527615513,100.90832013075249
Kota Bukittinggi,11.689917997210264,2028,100.05926210920606,Forecast,11.278070442958576,12.064676660498513,98.52221937432802,101.83164228367517
Kota Bukittinggi,11.699917992316164,2029,100.14926207968242,Forecast,11.0470757194342,12.294320355515875,97.6397860777682,102.9628521876195
Kota Bukittinggi,11.709890665031065,2030,100.23901614860011,Forecast,10.737103879528695,12.535481569721357,96.68186857455149,104.31862660236155
Kota Bukittinggi,11.719863337745965,2031,100.3287702175178,Forecast,10.458000749153264,12.813046679048231,95.49422447370621,105.77370050150644
Kota Bukittinggi,11.729836010460865,2032,100.41852428643547,Forecast,10.14548703561626,13.19263360939907,94.24354617990377,107.22094341085827
Kota Bukittinggi,11.739836005566767,2033,100.50852425691184,Forecast,9.828797715623638,13.591502779092657,92.91163777902374,108.96797383427275
Kota Bukittinggi,11.749808678281667,2034,100.59827832582953,Forecast,9.455618569918522,13.886434974680581,91.36910119924585,110.84278053721383
Kota Bukittinggi,11.759781350996567,2035,100.68803239474721,Forecast,9.08636552148231,14.270922663610506,89.47283867503803,112.74632780394275
Kota Padang,10.34,2010,99.4,Actual,10.34,10.34,99.4,99.4
Kota Padang,10.52,2011,98.89,Actual,10.52,10.52,98.89,98.89
Kota Padang,10.75,2012,99.51,Actual,10.75,10.75,99.51,99.51
Kota Padang,10.89,2013,99.39,Actual,10.89,10.89,99.39,99.39
Kota Padang,10.93,2014,99.74,Actual,10.93,10.93,99.74,99.74
Kota Padang,10.97,2015,99.97,Actual,10.97,10.97,99.97,99.97
Kota Padang,11.24,2016,100.0,Actual,11.24,11.24,100.0,100.0
Kota Padang,11.32,2017,99.73,Actual,11.32,11.32,99.73,99.73
Kota Padang,11.33,2018,99.69,Actual,11.33,11.33,99.69,99.69
Kota Padang,11.34,2019,99.88,Actual,11.34,11.34,99.88,99.88
Kota Padang,11.58,2020,99.9,Actual,11.58,11.58,99.9,99.9
Kota Padang,11.59,2021,99.74,Actual,11.59,11.59,99.74,99.74
Kota Padang,11.6,2022,99.56,Actual,11.6,11.6,99.56,99.56
Kota Padang,11.62,2023,99.81,Actual,11.62,11.62,99.81,99.81
Kota Padang,11.63,2024,99.65,Actual,11.63,11.63,99.65,99.65
Kota Padang,11.64,2025,99.95,Actual,11.64,11.64,99.95,99.95
Kota Padang,11.649972543985298,2026,100.24918075845957,Forecast,11.576180838756072,11.714476896455396,99.9578022311069,100.52314107522008
Kota Padang,11.659945210882615,2027,100.54836110920789,Forecast,11.422658239755204,11.872520410410395,99.61161065961866,101.46371555694135
Kota Padang,11.669917877779932,2028,100.8475414599562,Forecast,11.229424942546041,12.080291500015184,99.11724533173694,102.7290390017861
Kota Padang,11.67991786705231,2029,101.14754148289835,Forecast,10.944088776723731,12.327220145971447,98.47601002730202,104.06042588875661
Kota Padang,11.689890533949628,2030,101.44672183364665,Forecast,10.689721250805288,12.596267458237467,97.50787315921411,105.51490414017609
Kota Padang,11.699863200846945,2031,101.74590218439496,Forecast,10.425862939557938,12.941174438254494,96.57028328882508,106.97856059305524
Kota Padang,11.709835867744262,2032,102.04508253514328,Forecast,10.073050175961695,13.27445281743527,95.67876042516066,108.56846065533196
Kota Padang,11.71983585701664,2033,102.34508255808544,Forecast,9.705982502383547,13.59357424966439,94.43888053908537,110.29962635026844
Kota Padang,11.729808523913958,2034,102.64426290883372,Forecast,9.314307716875605,14.040912313592674,93.13332629451621,112.04080560858506
Kota Padang,11.739781190811277,2035,102.94344325958204,Forecast,8.905228874767346,14.488266138495295,91.73622581582613,114.3098569517128
Kota Padang Panjang,10.0,2010,99.58,Actual,10.0,10.0,99.58,99.58
Kota Padang Panjang,10.19,2011,98.14,Actual,10.19,10.19,98.14,98.14
Kota Padang Panjang,10.36,2012,99.25,Actual,10.36,10.36,99.25,99.25
Kota Padang Panjang,10.53,2013,99.33,Actual,10.53,10.53,99.33,99.33
Kota Padang Panjang,10.79,2014,99.87,Actual,10.79,10.79,99.87,99.87
Kota Padang Panjang,11.09,2015,99.63,Actual,11.09,11.09,99.63,99.63
Kota Padang Panjang,11.42,2016,99.84,Actual,11.42,11.42,99.84,99.84
Kota Padang Panjang,11.43,2017,99.94,Actual,11.43,11.43,99.94,99.94
Kota Padang Panjang,11.44,2018,99.47,Actual,11.44,11.44,99.47,99.47
Kota Padang Panjang,11.45,2019,100.0,Actual,11.45,11.45,100.0,100.0
Kota Padang Panjang,11.62,2020,99.94,Actual,11.62,11.62,99.94,99.94
Kota Padang Panjang,11.63,2021,99.95,Actual,11.63,11.63,99.95,99.95
Kota Padang Panjang,11.92,2022,99.88,Actual,11.92,11.92,99.88,99.88
Kota Padang Panjang,11.94,2023,99.89,Actual,11.94,11.94,99.89,99.89
Kota Padang Panjang,12.0,2024,99.96,Actual,12.0,12.0,99.96,99.96
Kota Padang Panjang,12.01,2025,99.88,Actual,12.01,12.01,99.88,99.88
Kota Padang Panjang,12.019972666606371,2026,99.80021797506478,Forecast,11.93718859984157,12.093230248909663,99.36566230432746,100.22949697035136
Kota Padang Panjang,12.029945341551148,2027,99.72043651155867,Forecast,11.76244972897016,12.275956851592431,98.28373567880008,101.10405264256319
Kota Padang Panjang,12.039918016495925,2028,99.64065504805257,Forecast,11.526780976085035,12.511873556592366,96.78079348398805,102.46963170608248
Kota Padang Panjang,12.049918013837813,2029,99.56065500519438,Forecast,11.216946571975987,12.796719324024322,95.22159712595641,103.81303437427133
Kota Padang Panjang,12.05989068878259,2030,99.48087354168825,Forecast,10.864285114520323,13.186070918993101,93.28235995561795,105.36177009492913
Kota Padang Panjang,12.06986336372737,2031,99.40109207818215,Forecast,10.48638526201668,13.52968409107391,91.2901157034902,107.04576486230732
Kota Padang Panjang,12.079836038672148,2032,99.32131061467602,Forecast,10.083486702588445,13.915604038387153,89.09412353699862,109.02809338870853
Kota Padang Panjang,12.089836036014034,2033,99.24131057181785,Forecast,9.689850324659256,14.393769696294108,86.82695794014751,111.37602231798495
Kota Padang Panjang,12.099808710958813,2034,99.16152910831173,Forecast,9.207887903920627,14.86447442796185,84.36714581522739,113.74279448225452
Kota Padang Panjang,12.10978138590359,2035,99.0817476448056,Forecast,8.821500869116074,15.330796645575264,81.29111713777995,116.06034950974971
Kota Pariaman,8.98,2010,99.47,Actual,8.98,8.98,99.47,99.47
Kota Pariaman,9.27,2011,98.51,Actual,9.27,9.27,98.51,98.51
Kota Pariaman,9.32,2012,99.1,Actual,9.32,9.32,99.1,99.1
Kota Pariaman,9.88,2013,99.61,Actual,9.88,9.88,99.61,99.61
Kota Pariaman,9.94,2014,99.97,Actual,9.94,9.94,99.97,99.97
Kota Pariaman,9.96,2015,99.75,Actual,9.96,9.96,99.75,99.75
Kota Pariaman,10.09,2016,99.91,Actual,10.09,10.09,99.91,99.91
Kota Pariaman,10.1,2017,99.66,Actual,10.1,10.1,99.66,99.66
Kota Pariaman,10.36,2018,99.58,Actual,10.36,10.36,99.58,99.58
Kota Pariaman,10.37,2019,99.55,Actual,10.37,10.37,99.55,99.55
Kota Pariaman,10.59,2020,99.26,Actual,10.59,10.59,99.26,99.26
Kota Pariaman,10.67,2021,99.61,Actual,10.67,10.67,99.61,99.61
Kota Pariaman,10.78,2022,99.69,Actual,10.78,10.78,99.69,99.69
Kota Pariaman,10.79,2023,99.7,Actual,10.79,10.79,99.7,99.7
Kota Pariaman,11.06,2024,99.84,Actual,11.06,11.06,99.84,99.84
Kota Pariaman,11.32,2025,99.67,Actual,11.32,11.32,99.67,99.67
Kota Pariaman,11.579289686843135,2026,99.50046397370485,Forecast,11.425767408577112,11.732436625314492,99.20435196540582,99.77089419932928
Kota Pariaman,11.838579307972829,2027,99.33092842039471,Forecast,11.353975058484716,12.306917779569094,98.38355847321154,100.19999302366746
Kota Pariaman,12.097868929102523,2028,99.16139286708457,Forecast,11.106852373699393,13.010921047987841,97.32104168460532,100.91401968056066
Kota Pariaman,12.357868932755864,2029,98.99139283280645,Forecast,10.765436919960923,13.837325233547716,96.18497344222402,101.59649865051244
Kota Pariaman,12.617158553885558,2030,98.82185727949631,Forecast,10.39387344665258,14.742857814687007,95.0231321747404,102.51777531212608
Kota Pariaman,12.876448175015254,2031,98.65232172618617,Forecast,10.014494772778594,15.64163177746886,93.71198993460811,103.51853883614247
Kota Pariaman,13.135737796144948,2032,98.48278617287603,Forecast,9.552417546140305,16.80663067169067,92.27444733556669,104.6667483215925
Kota Pariaman,13.395737799798287,2033,98.31278613859791,Forecast,8.846759179419632,17.777386607177007,90.78205853788232,105.99513554749223
Kota Pariaman,13.655027420927983,2034,98.14325058528777,Forecast,8.287043413634068,18.870292334170106,88.99762404022519,107.31654996687423
Kota Pariaman,13.914317042057679,2035,97.97371503197765,Forecast,7.834625621961072,20.145384089314085,87.55503612278063,108.93608417789667
Kota Payakumbuh,9.53,2010,99.01,Actual,9.53,9.53,99.01,99.01
Kota Payakumbuh,9.68,2011,98.56,Actual,9.68,9.68,98.56,98.56
Kota Payakumbuh,9.83,2012,99.36,Actual,9.83,9.83,99.36,99.36
Kota Payakumbuh,9.93,2013,99.48,Actual,9.93,9.93,99.48,99.48
Kota Payakumbuh,9.96,2014,99.89,Actual,9.96,9.96,99.89,99.89
Kota Payakumbuh,10.29,2015,100.0,Actual,10.29,10.29,100.0,100.0
Kota Payakumbuh,10.3,2016,100.0,Actual,10.3,10.3,100.0,100.0
Kota Payakumbuh,10.45,2017,99.92,Actual,10.45,10.45,99.92,99.92
Kota Payakumbuh,10.46,2018,99.89,Actual,10.46,10.46,99.89,99.89
Kota Payakumbuh,10.72,2019,99.58,Actual,10.72,10.72,99.58,99.58
Kota Payakumbuh,10.73,2020,99.66,Actual,10.73,10.73,99.66,99.66
Kota Payakumbuh,10.81,2021,99.79,Actual,10.81,10.81,99.79,99.79
Kota Payakumbuh,10.82,2022,99.95,Actual,10.82,10.82,99.95,99.95
Kota Payakumbuh,10.88,2023,99.83,Actual,10.88,10.88,99.83,99.83
Kota Payakumbuh,10.89,2024,99.95,Actual,10.89,10.89,99.95,99.95
Kota Payakumbuh,11.08,2025,99.89,Actual,11.08,11.08,99.89,99.89
Kota Payakumbuh,11.269480828358837,2026,99.83016398415039,Forecast,11.162024568192583,11.376904482959995,99.5967465832674,100.0786493026627
Kota Payakumbuh,11.458961701108498,2027,99.7703279179978,Forecast,11.116963337204107,11.804943423388648,99.01768201299204,100.54192701142163
Kota Payakumbuh,11.648442573858157,2028,99.71049185184523,Forecast,10.97800230566702,12.307143808111249,98.34630590253266,101.14184857840834
Kota Payakumbuh,11.838442572286583,2029,99.65049185126483,Forecast,10.761218555737502,12.819115895040918,97.55236160066259,102.0179428645809
Kota Payakumbuh,12.02792344503624,2030,99.59065578511225,Forecast,10.501780157750959,13.356864466169295,96.63302695391945,103.0176352812949
Kota Payakumbuh,12.2174043177859,2031,99.53081971895966,Forecast,10.213929901547969,14.06730797876395,95.49343157276866,104.1999562574289
Kota Payakumbuh,12.40688519053556,2032,99.47098365280708,Forecast,9.793989895060726,14.76952059420001,94.30937186084171,105.11175221239597
Kota Payakumbuh,12.596885188963988,2033,99.41098365222668,Forecast,9.399176248119003,15.473535880995184,93.06455257717647,106.26156448041664
Kota Payakumbuh,12.786366061713645,2034,99.35114758607409,Forecast,9.062376440306187,16.1653004429203,91.67728461668895,107.30693802321444
Kota Payakumbuh,12.975846934463304,2035,99.29131151992152,Forecast,8.537616618494242,16.963116374824942,90.24425037451694,108.7282796817595
Kota Sawahlunto,8.96,2010,98.81,Actual,8.96,8.96,98.81,98.81
Kota Sawahlunto,9.05,2011,97.88,Actual,9.05,9.05,97.88,97.88
Kota Sawahlunto,9.32,2012,98.58,Actual,9.32,9.32,98.58,98.58
Kota Sawahlunto,9.45,2013,99.82,Actual,9.45,9.45,99.82,99.82
Kota Sawahlunto,9.65,2014,100.0,Actual,9.65,9.65,100.0,100.0
Kota Sawahlunto,9.66,2015,99.63,Actual,9.66,9.66,99.63,99.63
Kota Sawahlunto,9.92,2016,100.0,Actual,9.92,9.92,100.0,100.0
Kota Sawahlunto,9.93,2017,100.0,Actual,9.93,9.93,100.0,100.0
Kota Sawahlunto,9.94,2018,99.37,Actual,9.94,9.94,99.37,99.37
Kota Sawahlunto,9.97,2019,99.57,Actual,9.97,9.97,99.57,99.57
Kota Sawahlunto,10.17,2020,99.86,Actual,10.17,10.17,99.86,99.86
Kota Sawahlunto,10.32,2021,99.87,Actual,10.32,10.32,99.87,99.87
Kota Sawahlunto,10.43,2022,99.74,Actual,10.43,10.43,99.74,99.74
Kota Sawahlunto,10.44,2023,99.41,Actual,10.44,10.44,99.41,99.41
Kota Sawahlunto,10.53,2024,99.81,Actual,10.53,10.53,99.81,99.81
Kota Sawahlunto,10.54,2025,99.84,Actual,10.54,10.54,99.84,99.84
Kota Sawahlunto,10.549972868058516,2026,99.86991783354627,Forecast,10.462471920835888,10.641467649794242,99.4184226337685,100.32908135424276
Kota Sawahlunto,10.55994556115632,2027,99.89983586229239,Forecast,10.280659089241354,10.858672022454387,98.47202006871521,101.35850985566495
Kota Sawahlunto,10.569918254254125,2028,99.9297538910385,Forecast,10.03868882140123,11.157137006735377,97.28407169188687,102.80426812882294
Kota Sawahlunto,10.579918269798773,2029,99.95975388698668,Forecast,9.727940142892363,11.464557508528019,95.89504275086432,104.22981111581112
Kota Sawahlunto,10.589890962896577,2030,99.98967191573279,Forecast,9.402348135275384,11.866659362105311,94.1618009750992,106.14259888189999
Kota Sawahlunto,10.599863655994382,2031,100.01958994447892,Forecast,9.056505501870049,12.241884634985594,92.36342233155302,108.2524518493889
Kota Sawahlunto,10.609836349092186,2032,100.04950797322505,Forecast,8.660884725518887,12.652196243164042,90.38561746700843,110.3288189502544
Kota Sawahlunto,10.619836364636834,2033,100.07950796917319,Forecast,8.235157887569661,13.020597587883234,87.98912864036517,112.62389345522809
Kota Sawahlunto,10.629809057734638,2034,100.10942599791932,Forecast,7.667834835689274,13.42145531489808,85.81813926678461,115.64921686929743
Kota Sawahlunto,10.639781750832443,2035,100.13934402666544,Forecast,7.201402829968126,13.973400392517936,83.11338745436532,118.3433848986958
Kota Solok,10.28,2010,99.04,Actual,10.28,10.28,99.04,99.04
Kota Solok,10.3,2011,98.6,Actual,10.3,10.3,98.6,98.6
Kota Solok,10.35,2012,99.55,Actual,10.35,10.35,99.55,99.55
Kota Solok,10.72,2013,99.41,Actual,10.72,10.72,99.41,99.41
Kota Solok,10.75,2014,99.95,Actual,10.75,10.75,99.95,99.95
Kota Solok,10.77,2015,99.91,Actual,10.77,10.77,99.91,99.91
Kota Solok,10.79,2016,100.0,Actual,10.79,10.79,100.0,100.0
Kota Solok,10.95,2017,99.84,Actual,10.95,10.95,99.84,99.84
Kota Solok,11.01,2018,99.86,Actual,11.01,11.01,99.86,99.86
Kota Solok,11.02,2019,99.19,Actual,11.02,11.02,99.19,99.19
Kota Solok,11.03,2020,99.59,Actual,11.03,11.03,99.59,99.59
Kota Solok,11.04,2021,99.6,Actual,11.04,11.04,99.6,99.6
Kota Solok,11.35,2022,99.84,Actual,11.35,11.35,99.84,99.84
Kota Solok,11.36,2023,99.83,Actual,11.36,11.36,99.83,99.83
Kota Solok,11.37,2024,99.8,Actual,11.37,11.37,99.8,99.8
Kota Solok,11.38,2025,99.81,Actual,11.38,11.38,99.81,99.81
Kota Solok,11.389972674103054,2026,99.81997273740464,Forecast,11.303068362807814,11.46564105598997,99.44590700548378,100.17172692859648
Kota Solok,11.399945352968363,2027,99.82994540743566,Forecast,11.122754994249682,11.649051402455658,98.61912887485123,100.98118436528051
Kota Solok,11.409918031833667,2028,99.83991807746669,Forecast,10.882005431746961,11.910903193626101,97.34161044070375,102.13502863756368
Kota Solok,11.419918033106825,2029,99.84991806988135,Forecast,10.57550381509195,12.187465294762617,96.01593156682607,103.47497023314746
Kota Solok,11.429890711972131,2030,99.85989073991239,Forecast,10.173484476045937,12.53158106975398,94.31742481707245,105.08254814348219
Kota Solok,11.439863390837436,2031,99.86986340994342,Forecast,9.788572034305817,12.877423524126115,92.52999832173579,107.05706471418242
Kota Solok,11.449836069702744,2032,99.87983607997445,Forecast,9.275156422745457,13.306528653174702,90.50952313784981,109.13354301902989
Kota Solok,11.459836070975898,2033,99.88983607238913,Forecast,8.825890916000676,13.81110123313911,88.50941109356748,111.09178710233354
Kota Solok,11.469808749841205,2034,99.89980874242015,Forecast,8.334116177631667,14.355414930840391,86.02452447981912,113.18649123576593
Kota Solok,11.479781428706511,2035,99.90978141245118,Forecast,7.874782080017892,14.924540012953535,83.81448543955452,115.53568641601372
